<?xml version="1.0" encoding="UTF-8"?>
<project-private xmlns="http://www.netbeans.org/ns/project-private/1">
    <editor-bookmarks xmlns="http://www.netbeans.org/ns/editor-bookmarks/2" lastBookmarkId="0"/>
    <open-files xmlns="http://www.netbeans.org/ns/projectui-open-files/2">
        <group>
            <file>file:/C:/Users/tolga/Desktop/2020-2021%20Güz/JAVA/JavaApplication19/src/javaapplication19/JavaApplication19.java</file>
            <file>file:/C:/Users/tolga/Desktop/2020-2021%20Güz/JAVA/JavaApplication19/src/Question4.java</file>
            <file>file:/C:/Users/tolga/Desktop/2020-2021%20Güz/JAVA/JavaApplication19/src/Question2.java</file>
        </group>
    </open-files>
</project-private>
